gas;transaction
104403;1
89403;2
89403;3
89403;4
89403;5
89403;6
89403;7
89403;8
89403;9
89403;10
89403;11
89403;12
89403;13
89403;14
89403;15
89403;16
89403;17
89403;18
89403;19
89403;20
89403;21
89403;22
89403;23
89403;24
89403;25
89403;26
89403;27
89403;28
89403;29
89403;30
89403;31
89403;32
89403;33
89403;34
89403;35
89403;36
89403;37
89403;38
89403;39
89403;40
89403;41
89403;42
89403;43
89403;44
89403;45
89403;46
89403;47
89403;48
89403;49
89403;50
89403;51
89403;52
89403;53
89403;54
89403;55
89403;56
89403;57
89403;58
89403;59
89403;60
89403;61
89403;62
89403;63
89403;64
89403;65
89403;66
89403;67
89403;68
89403;69
89403;70
89403;71
89403;72
89403;73
89403;74
89403;75
89403;76
89403;77
89403;78
89403;79
89403;80
89403;81
89403;82
89403;83
89403;84
89403;85
89403;86
89403;87
89403;88
89403;89
89403;90
89403;91
89403;92
89403;93
89403;94
89403;95
89403;96
89403;97
89403;98
89403;99
89403;100
89403;101
89403;102
89403;103
89403;104
89403;105
89403;106
89403;107
89403;108
89403;109
89403;110
89403;111
89403;112
89403;113
89403;114
89403;115
89403;116
89403;117
89403;118
89403;119
89403;120
89403;121
89403;122
89403;123
89403;124
89403;125
89403;126
89403;127
89403;128
89403;129
89403;130
89403;131
89403;132
89403;133
89403;134
89403;135
89403;136
89403;137
89403;138
89403;139
89403;140
89403;141
89403;142
89403;143
89403;144
89403;145
89403;146
89403;147
89403;148
89403;149
89403;150
89403;151
89403;152
89403;153
89403;154
89403;155
89403;156
89403;157
89403;158
89403;159
89403;160
89403;161
89403;162
89403;163
89403;164
89403;165
89403;166
89403;167
89403;168
89403;169
89403;170
89403;171
89403;172
89403;173
89403;174
89403;175
89403;176
89403;177
89403;178
89403;179
89403;180
89403;181
89403;182
89403;183
89403;184
89403;185
89403;186
89403;187
89403;188
89403;189
89403;190
89403;191
89403;192
89403;193
89403;194
89403;195
89403;196
89403;197
89403;198
89403;199
89403;200